CREATE TABLE STUDENT (
    STUDENT_NUMBER INTEGER,
    NAME VARCHAR2(255),
    CLASS INTEGER,
    MAJOR VARCHAR2(20),
    PRIMARY KEY (STUDENT_NUMBER)
)

CREATE TABLE COURSE (
    COURSE_NAME VARCHAR2(255),
    COURSE_NUMBER VARCHAR2(20),
    CREADIT_HOURS INTEGER,
    DEPARTMENT VARCHAR2(20),
    PRIMARY KEY (COURSE_NUMBER)
)

CREATE TABLE SECTION(
    SECTION_IDENTIFIER INTEGER ,
    COURSE_NUMBER VARCHAR2(20),
    SEMESTER VARCHAR2(20),
    YEAR INTEGER,
    INSTRUCTOR VARCHAR2(30),
    FOREIGN KEY (COURSE_NUMBER)REFERENCES COURSE(COURSE_NUMBER),
    PRIMARY KEY (SECTION_IDENTIFIER)
)

CREATE TABLE GRADE_REPORT(
    STUDENT_NUMBER INTEGER,
    SECTION_IDENTIFIER INTEGER,
    GRADE CHAR(1),
    FOREIGN KEY (STUDENT_NUMBER)REFERENCES STUDENT(STUDENT_NUMBER),
    FOREIGN KEY (SECTION_IDENTIFIER)REFERENCES SECTION(SECTION_IDENTIFIER),
    PRIMARY KEY (STUDENT_NUMBER, SECTION_IDENTIFIER)
)

CREATE TABLE PREREQUISITE(
     COURSE_NUMBER VARCHAR2(20),
     PREREQUISITE_NUMBER VARCHAR2(20),
    FOREIGN KEY (COURSE_NUMBER)REFERENCES COURSE(COURSE_NUMBER)
)
-- Insert values for students
INSERT INTO STUDENT (STUDENT_NUMBER, NAME, CLASS, MAJOR) VALUES (1, 'John Doe', 10, 'CS');
INSERT INTO STUDENT (STUDENT_NUMBER, NAME, CLASS, MAJOR) VALUES (2, 'Jane Smith', 11, 'MATH');
INSERT INTO STUDENT (STUDENT_NUMBER, NAME, CLASS, MAJOR) VALUES (3, 'Mike Johnson', 10, 'CS');
INSERT INTO STUDENT (STUDENT_NUMBER, NAME, CLASS, MAJOR) VALUES (4, 'Emily Davis', 12, 'MATH');
INSERT INTO STUDENT (STUDENT_NUMBER, NAME, CLASS, MAJOR) VALUES (5, 'Chris Brown', 11, 'CS');
INSERT INTO STUDENT (STUDENT_NUMBER, NAME, CLASS, MAJOR) VALUES (6, 'Jessica Lee', 12, 'MATH');
INSERT INTO STUDENT (STUDENT_NUMBER, NAME, CLASS, MAJOR) VALUES (7, 'Ryan Wilson', 10, 'CS');
INSERT INTO STUDENT (STUDENT_NUMBER, NAME, CLASS, MAJOR) VALUES (8, 'Sophia Martinez', 11, 'MATH');
INSERT INTO STUDENT (STUDENT_NUMBER, NAME, CLASS, MAJOR) VALUES (9, 'Daniel Turner', 12, 'CS');
INSERT INTO STUDENT (STUDENT_NUMBER, NAME, CLASS, MAJOR) VALUES (10, 'Olivia Brown', 10, 'MATH');

-- Insert values for courses
-- CS Courses
INSERT INTO COURSE (COURSE_NAME, COURSE_NUMBER, CREADIT_HOURS, DEPARTMENT) VALUES ('Introduction to Computer Science', 'CS101', 3, 'CS');
INSERT INTO COURSE (COURSE_NAME, COURSE_NUMBER, CREADIT_HOURS, DEPARTMENT) VALUES ('Data Structures and Algorithms', 'CS201', 4, 'CS');
INSERT INTO COURSE (COURSE_NAME, COURSE_NUMBER, CREADIT_HOURS, DEPARTMENT) VALUES ('Database Management Systems', 'CS301', 3, 'CS');

-- Math Courses
INSERT INTO COURSE (COURSE_NAME, COURSE_NUMBER, CREADIT_HOURS, DEPARTMENT) VALUES ('Calculus I', 'MATH101', 4, 'MATH');
INSERT INTO COURSE (COURSE_NAME, COURSE_NUMBER, CREADIT_HOURS, DEPARTMENT) VALUES ('Linear Algebra', 'MATH201', 3, 'MATH');

-- CS Course Sections
INSERT INTO SECTION (SECTION_IDENTIFIER, COURSE_NUMBER, SEMESTER, YEAR, INSTRUCTOR) VALUES (1, 'CS101', 'Fall', 2023, 'Professor Smith');
INSERT INTO SECTION (SECTION_IDENTIFIER, COURSE_NUMBER, SEMESTER, YEAR, INSTRUCTOR) VALUES (2, 'CS201', 'Spring', 2024, 'Professor Johnson');
INSERT INTO SECTION (SECTION_IDENTIFIER, COURSE_NUMBER, SEMESTER, YEAR, INSTRUCTOR) VALUES (3, 'CS301', 'Fall', 2024, 'Professor Brown');

-- Math Course Sections
INSERT INTO SECTION (SECTION_IDENTIFIER, COURSE_NUMBER, SEMESTER, YEAR, INSTRUCTOR) VALUES (4, 'MATH101', 'Spring', 2023, 'Professor Martinez');
INSERT INTO SECTION (SECTION_IDENTIFIER, COURSE_NUMBER, SEMESTER, YEAR, INSTRUCTOR) VALUES (5, 'MATH201', 'Fall', 2024, 'Professor Turner');

-- Enroll students in all sections and assign random grades
-- Assuming section identifiers are 1 to 5 corresponding to the CS and Math courses

-- CS Course Sections
INSERT INTO GRADE_REPORT (STUDENT_NUMBER, SECTION_IDENTIFIER, GRADE) VALUES (1, 1, 'A');
INSERT INTO GRADE_REPORT (STUDENT_NUMBER, SECTION_IDENTIFIER, GRADE) VALUES (1, 2, 'B');
INSERT INTO GRADE_REPORT (STUDENT_NUMBER, SECTION_IDENTIFIER, GRADE) VALUES (1, 3, 'C');

INSERT INTO GRADE_REPORT (STUDENT_NUMBER, SECTION_IDENTIFIER, GRADE) VALUES (3, 1, 'B');
INSERT INTO GRADE_REPORT (STUDENT_NUMBER, SECTION_IDENTIFIER, GRADE) VALUES (3, 2, 'A');
INSERT INTO GRADE_REPORT (STUDENT_NUMBER, SECTION_IDENTIFIER, GRADE) VALUES (3, 3, 'B');

INSERT INTO GRADE_REPORT (STUDENT_NUMBER, SECTION_IDENTIFIER, GRADE) VALUES (5, 1, 'C');
INSERT INTO GRADE_REPORT (STUDENT_NUMBER, SECTION_IDENTIFIER, GRADE) VALUES (5, 2, 'A');
INSERT INTO GRADE_REPORT (STUDENT_NUMBER, SECTION_IDENTIFIER, GRADE) VALUES (5, 3, 'B');

INSERT INTO GRADE_REPORT (STUDENT_NUMBER, SECTION_IDENTIFIER, GRADE) VALUES (7, 1, 'A');
INSERT INTO GRADE_REPORT (STUDENT_NUMBER, SECTION_IDENTIFIER, GRADE) VALUES (7, 2, 'B');
INSERT INTO GRADE_REPORT (STUDENT_NUMBER, SECTION_IDENTIFIER, GRADE) VALUES (7, 3, 'C');

INSERT INTO GRADE_REPORT (STUDENT_NUMBER, SECTION_IDENTIFIER, GRADE) VALUES (9, 1, 'B');
INSERT INTO GRADE_REPORT (STUDENT_NUMBER, SECTION_IDENTIFIER, GRADE) VALUES (9, 2, 'A');
INSERT INTO GRADE_REPORT (STUDENT_NUMBER, SECTION_IDENTIFIER, GRADE) VALUES (9, 3, 'A');

-- Math Course Sections
INSERT INTO GRADE_REPORT (STUDENT_NUMBER, SECTION_IDENTIFIER, GRADE) VALUES (2, 4, 'B');
INSERT INTO GRADE_REPORT (STUDENT_NUMBER, SECTION_IDENTIFIER, GRADE) VALUES (2, 5, 'A');

INSERT INTO GRADE_REPORT (STUDENT_NUMBER, SECTION_IDENTIFIER, GRADE) VALUES (4, 4, 'A');
INSERT INTO GRADE_REPORT (STUDENT_NUMBER, SECTION_IDENTIFIER, GRADE) VALUES (4, 5, 'B');

INSERT INTO GRADE_REPORT (STUDENT_NUMBER, SECTION_IDENTIFIER, GRADE) VALUES (6, 4, 'C');
INSERT INTO GRADE_REPORT (STUDENT_NUMBER, SECTION_IDENTIFIER, GRADE) VALUES (6, 5, 'B');

INSERT INTO GRADE_REPORT (STUDENT_NUMBER, SECTION_IDENTIFIER, GRADE) VALUES (8, 4, 'B');
INSERT INTO GRADE_REPORT (STUDENT_NUMBER, SECTION_IDENTIFIER, GRADE) VALUES (8, 5, 'A');

INSERT INTO GRADE_REPORT (STUDENT_NUMBER, SECTION_IDENTIFIER, GRADE) VALUES (10, 4, 'A');
INSERT INTO GRADE_REPORT (STUDENT_NUMBER, SECTION_IDENTIFIER, GRADE) VALUES (10, 5, 'C');

